hidden_layers,activation,solver,max_iter,f1_score,cv_mean,cv_std
"(10, 10, 5)",relu,adam,200,0.4482758620689655,0.44825854700854695,0.004022169858740673
"(10, 10, 5)",relu,adam,2000,0.4482758620689655,0.44825854700854695,0.004022169858740673
"(10, 10, 5)",relu,adam,2500,0.4482758620689655,0.44825854700854695,0.004022169858740673
"(10, 10, 5)",relu,adam,3000,0.4482758620689655,0.44825854700854695,0.004022169858740673
"(10, 10, 5)",relu,sgd,200,0.4482758620689655,0.44825854700854695,0.004022169858740673
"(10, 10, 5)",relu,sgd,2000,0.4482758620689655,0.44825854700854695,0.004022169858740673
"(10, 10, 5)",relu,sgd,2500,0.4482758620689655,0.44825854700854695,0.004022169858740673
"(10, 10, 5)",relu,sgd,3000,0.4482758620689655,0.44825854700854695,0.004022169858740673
"(10, 10, 5)",relu,lbfgs,200,1.0,0.5866857933745118,0.06969234181961811
"(10, 10, 5)",relu,lbfgs,2000,1.0,0.5866857933745118,0.06969234181961811
"(10, 10, 5)",relu,lbfgs,2500,1.0,0.5866857933745118,0.06969234181961811
"(10, 10, 5)",relu,lbfgs,3000,1.0,0.5866857933745118,0.06969234181961811
"(10, 10, 5)",tanh,adam,200,0.47147147147147145,0.460257469592808,0.05983880076885883
"(10, 10, 5)",tanh,adam,2000,0.47147147147147145,0.460257469592808,0.05983880076885883
"(10, 10, 5)",tanh,adam,2500,0.47147147147147145,0.460257469592808,0.05983880076885883
"(10, 10, 5)",tanh,adam,3000,0.47147147147147145,0.460257469592808,0.05983880076885883
"(10, 10, 5)",tanh,sgd,200,0.4984914515588334,0.47982736206592635,0.06436591893668074
"(10, 10, 5)",tanh,sgd,2000,0.4984914515588334,0.47982736206592635,0.06436591893668074
"(10, 10, 5)",tanh,sgd,2500,0.4984914515588334,0.47982736206592635,0.06436591893668074
"(10, 10, 5)",tanh,sgd,3000,0.4984914515588334,0.47982736206592635,0.06436591893668074
"(10, 10, 5)",tanh,lbfgs,200,1.0,0.5863451848697749,0.08947213357666109
"(10, 10, 5)",tanh,lbfgs,2000,1.0,0.5863451848697749,0.08947213357666109
"(10, 10, 5)",tanh,lbfgs,2500,1.0,0.5863451848697749,0.08947213357666109
"(10, 10, 5)",tanh,lbfgs,3000,1.0,0.5863451848697749,0.08947213357666109
"(10, 10, 5)",logistic,adam,200,0.4482758620689655,0.44825854700854695,0.004022169858740673
"(10, 10, 5)",logistic,adam,2000,0.4482758620689655,0.44825854700854695,0.004022169858740673
"(10, 10, 5)",logistic,adam,2500,0.4482758620689655,0.44825854700854695,0.004022169858740673
"(10, 10, 5)",logistic,adam,3000,0.4482758620689655,0.44825854700854695,0.004022169858740673
"(10, 10, 5)",logistic,sgd,200,0.4482758620689655,0.44825854700854695,0.004022169858740673
"(10, 10, 5)",logistic,sgd,2000,0.4482758620689655,0.44825854700854695,0.004022169858740673
"(10, 10, 5)",logistic,sgd,2500,0.4482758620689655,0.44825854700854695,0.004022169858740673
"(10, 10, 5)",logistic,sgd,3000,0.4482758620689655,0.44825854700854695,0.004022169858740673
"(10, 10, 5)",logistic,lbfgs,200,0.9809027777777778,0.5869275069924267,0.04887332988359602
"(10, 10, 5)",logistic,lbfgs,2000,1.0,0.590929539734544,0.06995143781753295
"(10, 10, 5)",logistic,lbfgs,2500,1.0,0.590929539734544,0.06995143781753295
"(10, 10, 5)",logistic,lbfgs,3000,1.0,0.590929539734544,0.06995143781753295
"(10, 10, 5)",identity,adam,200,0.591793041926851,0.517839067084245,0.10512070741669892
"(10, 10, 5)",identity,adam,2000,0.591793041926851,0.517839067084245,0.10512070741669892
"(10, 10, 5)",identity,adam,2500,0.591793041926851,0.517839067084245,0.10512070741669892
"(10, 10, 5)",identity,adam,3000,0.591793041926851,0.517839067084245,0.10512070741669892
"(10, 10, 5)",identity,sgd,200,0.5064935064935066,0.4965838962365158,0.06679880671834229
"(10, 10, 5)",identity,sgd,2000,0.5064935064935066,0.4965838962365158,0.06679880671834229
"(10, 10, 5)",identity,sgd,2500,0.5064935064935066,0.4965838962365158,0.06679880671834229
"(10, 10, 5)",identity,sgd,3000,0.5064935064935066,0.4965838962365158,0.06679880671834229
"(10, 10, 5)",identity,lbfgs,200,1.0,0.5691330784926227,0.0990214225044162
"(10, 10, 5)",identity,lbfgs,2000,1.0,0.5691330784926227,0.0990214225044162
"(10, 10, 5)",identity,lbfgs,2500,1.0,0.5691330784926227,0.0990214225044162
"(10, 10, 5)",identity,lbfgs,3000,1.0,0.5691330784926227,0.0990214225044162
"(10, 10, 10)",relu,adam,200,0.15789473684210525,0.15776139156740404,0.009431132351250308
"(10, 10, 10)",relu,adam,2000,0.15789473684210525,0.15776139156740404,0.009431132351250308
"(10, 10, 10)",relu,adam,2500,0.15789473684210525,0.15776139156740404,0.009431132351250308
"(10, 10, 10)",relu,adam,3000,0.15789473684210525,0.15776139156740404,0.009431132351250308
"(10, 10, 10)",relu,sgd,200,0.5098968916986528,0.4035292160278394,0.09988222825558593
"(10, 10, 10)",relu,sgd,2000,0.5098968916986528,0.4035292160278394,0.09988222825558593
"(10, 10, 10)",relu,sgd,2500,0.5098968916986528,0.4035292160278394,0.09988222825558593
"(10, 10, 10)",relu,sgd,3000,0.5098968916986528,0.4035292160278394,0.09988222825558593
"(10, 10, 10)",relu,lbfgs,200,1.0,0.6484603645347221,0.12159393981502159
"(10, 10, 10)",relu,lbfgs,2000,1.0,0.6484603645347221,0.12159393981502159
"(10, 10, 10)",relu,lbfgs,2500,1.0,0.6484603645347221,0.12159393981502159
"(10, 10, 10)",relu,lbfgs,3000,1.0,0.6484603645347221,0.12159393981502159
"(10, 10, 10)",tanh,adam,200,0.5016731016731018,0.4583133033767843,0.06050689279413644
"(10, 10, 10)",tanh,adam,2000,0.5016731016731018,0.4583133033767843,0.06050689279413644
"(10, 10, 10)",tanh,adam,2500,0.5016731016731018,0.4583133033767843,0.06050689279413644
"(10, 10, 10)",tanh,adam,3000,0.5016731016731018,0.4583133033767843,0.06050689279413644
"(10, 10, 10)",tanh,sgd,200,0.4482758620689655,0.4992361000759221,0.09721792589174533
"(10, 10, 10)",tanh,sgd,2000,0.4482758620689655,0.4992361000759221,0.09721792589174533
"(10, 10, 10)",tanh,sgd,2500,0.4482758620689655,0.4992361000759221,0.09721792589174533
"(10, 10, 10)",tanh,sgd,3000,0.4482758620689655,0.4992361000759221,0.09721792589174533
"(10, 10, 10)",tanh,lbfgs,200,0.9907829274679235,0.6344172786673392,0.05108914256325417
"(10, 10, 10)",tanh,lbfgs,2000,0.9907829274679235,0.6490946980221779,0.04213038008041055
"(10, 10, 10)",tanh,lbfgs,2500,0.9907829274679235,0.6490946980221779,0.04213038008041055
"(10, 10, 10)",tanh,lbfgs,3000,0.9907829274679235,0.6490946980221779,0.04213038008041055
"(10, 10, 10)",logistic,adam,200,0.15789473684210525,0.15776139156740404,0.009431132351250308
"(10, 10, 10)",logistic,adam,2000,0.15789473684210525,0.15776139156740404,0.009431132351250308
"(10, 10, 10)",logistic,adam,2500,0.15789473684210525,0.15776139156740404,0.009431132351250308
"(10, 10, 10)",logistic,adam,3000,0.15789473684210525,0.15776139156740404,0.009431132351250308
"(10, 10, 10)",logistic,sgd,200,0.444794952681388,0.4394153225806452,0.006899168803334142
"(10, 10, 10)",logistic,sgd,2000,0.444794952681388,0.4394153225806452,0.006899168803334142
"(10, 10, 10)",logistic,sgd,2500,0.444794952681388,0.4394153225806452,0.006899168803334142
"(10, 10, 10)",logistic,sgd,3000,0.444794952681388,0.4394153225806452,0.006899168803334142
"(10, 10, 10)",logistic,lbfgs,200,0.9905655320289467,0.6095732063101645,0.10071882919679703
"(10, 10, 10)",logistic,lbfgs,2000,1.0,0.6135308248603608,0.08695378892829601
"(10, 10, 10)",logistic,lbfgs,2500,1.0,0.6135308248603608,0.08695378892829601
"(10, 10, 10)",logistic,lbfgs,3000,1.0,0.6135308248603608,0.08695378892829601
"(10, 10, 10)",identity,adam,200,0.4984914515588334,0.4421098356679642,0.07585353830151526
"(10, 10, 10)",identity,adam,2000,0.4984914515588334,0.4421098356679642,0.07585353830151526
"(10, 10, 10)",identity,adam,2500,0.4984914515588334,0.4421098356679642,0.07585353830151526
"(10, 10, 10)",identity,adam,3000,0.4984914515588334,0.4421098356679642,0.07585353830151526
"(10, 10, 10)",identity,sgd,200,0.48632872503840247,0.4801851818655322,0.07081503322953583
"(10, 10, 10)",identity,sgd,2000,0.48632872503840247,0.4801851818655322,0.07081503322953583
"(10, 10, 10)",identity,sgd,2500,0.48632872503840247,0.4801851818655322,0.07081503322953583
"(10, 10, 10)",identity,sgd,3000,0.48632872503840247,0.4801851818655322,0.07081503322953583
"(10, 10, 10)",identity,lbfgs,200,1.0,0.5735992616095735,0.11272654798827907
"(10, 10, 10)",identity,lbfgs,2000,1.0,0.5735992616095735,0.11272654798827907
"(10, 10, 10)",identity,lbfgs,2500,1.0,0.5735992616095735,0.11272654798827907
"(10, 10, 10)",identity,lbfgs,3000,1.0,0.5735992616095735,0.11272654798827907
"(10, 10, 15)",relu,adam,200,0.47909729929707734,0.4746922387648194,0.05108323077901854
"(10, 10, 15)",relu,adam,2000,0.47909729929707734,0.4746922387648194,0.05108323077901854
"(10, 10, 15)",relu,adam,2500,0.47909729929707734,0.4746922387648194,0.05108323077901854
"(10, 10, 15)",relu,adam,3000,0.47909729929707734,0.4746922387648194,0.05108323077901854
"(10, 10, 15)",relu,sgd,200,0.5016731016731018,0.49215050091074686,0.09467387998758829
"(10, 10, 15)",relu,sgd,2000,0.5016731016731018,0.49215050091074686,0.09467387998758829
"(10, 10, 15)",relu,sgd,2500,0.5016731016731018,0.49215050091074686,0.09467387998758829
"(10, 10, 15)",relu,sgd,3000,0.5016731016731018,0.49215050091074686,0.09467387998758829
"(10, 10, 15)",relu,lbfgs,200,1.0,0.6412977874454675,0.08598188824677147
"(10, 10, 15)",relu,lbfgs,2000,1.0,0.6412977874454675,0.08598188824677147
"(10, 10, 15)",relu,lbfgs,2500,1.0,0.6412977874454675,0.08598188824677147
"(10, 10, 15)",relu,lbfgs,3000,1.0,0.6412977874454675,0.08598188824677147
"(10, 10, 15)",tanh,adam,200,0.47909729929707734,0.4638675993907678,0.06182913337434964
"(10, 10, 15)",tanh,adam,2000,0.47909729929707734,0.4638675993907678,0.06182913337434964
"(10, 10, 15)",tanh,adam,2500,0.47909729929707734,0.4638675993907678,0.06182913337434964
"(10, 10, 15)",tanh,adam,3000,0.47909729929707734,0.4638675993907678,0.06182913337434964
"(10, 10, 15)",tanh,sgd,200,0.4641025641025641,0.47627469368771785,0.05479857768142646
"(10, 10, 15)",tanh,sgd,2000,0.4641025641025641,0.47627469368771785,0.05479857768142646
"(10, 10, 15)",tanh,sgd,2500,0.4641025641025641,0.47627469368771785,0.05479857768142646
"(10, 10, 15)",tanh,sgd,3000,0.4641025641025641,0.47627469368771785,0.05479857768142646
"(10, 10, 15)",tanh,lbfgs,200,1.0,0.5959954338724354,0.07833929648070749
"(10, 10, 15)",tanh,lbfgs,2000,1.0,0.5959954338724354,0.07833929648070749
"(10, 10, 15)",tanh,lbfgs,2500,1.0,0.5959954338724354,0.07833929648070749
"(10, 10, 15)",tanh,lbfgs,3000,1.0,0.5959954338724354,0.07833929648070749
"(10, 10, 15)",logistic,adam,200,0.4482758620689655,0.5281048286900096,0.11624409985077885
"(10, 10, 15)",logistic,adam,2000,0.4482758620689655,0.5281048286900096,0.11624409985077885
"(10, 10, 15)",logistic,adam,2500,0.4482758620689655,0.5281048286900096,0.11624409985077885
"(10, 10, 15)",logistic,adam,3000,0.4482758620689655,0.5281048286900096,0.11624409985077885
"(10, 10, 15)",logistic,sgd,200,0.4482758620689655,0.5162277530589544,0.10794506549459888
"(10, 10, 15)",logistic,sgd,2000,0.4482758620689655,0.5162277530589544,0.10794506549459888
"(10, 10, 15)",logistic,sgd,2500,0.4482758620689655,0.5162277530589544,0.10794506549459888
"(10, 10, 15)",logistic,sgd,3000,0.4482758620689655,0.5162277530589544,0.10794506549459888
"(10, 10, 15)",logistic,lbfgs,200,0.9809027777777778,0.5995169271400171,0.11860297745979669
"(10, 10, 15)",logistic,lbfgs,2000,1.0,0.6373211417222978,0.13383563025306278
"(10, 10, 15)",logistic,lbfgs,2500,1.0,0.6373211417222978,0.13383563025306278
"(10, 10, 15)",logistic,lbfgs,3000,1.0,0.6373211417222978,0.13383563025306278
"(10, 10, 15)",identity,adam,200,0.5133640552995392,0.4803101936509898,0.0583964493279089
"(10, 10, 15)",identity,adam,2000,0.5133640552995392,0.4803101936509898,0.0583964493279089
"(10, 10, 15)",identity,adam,2500,0.5133640552995392,0.4803101936509898,0.0583964493279089
"(10, 10, 15)",identity,adam,3000,0.5133640552995392,0.4803101936509898,0.0583964493279089
"(10, 10, 15)",identity,sgd,200,0.5064935064935066,0.490627764767109,0.044758322051999234
"(10, 10, 15)",identity,sgd,2000,0.5064935064935066,0.490627764767109,0.044758322051999234
"(10, 10, 15)",identity,sgd,2500,0.5064935064935066,0.490627764767109,0.044758322051999234
"(10, 10, 15)",identity,sgd,3000,0.5064935064935066,0.490627764767109,0.044758322051999234
"(10, 10, 15)",identity,lbfgs,200,1.0,0.577482474078575,0.141426114274307
"(10, 10, 15)",identity,lbfgs,2000,1.0,0.577482474078575,0.141426114274307
"(10, 10, 15)",identity,lbfgs,2500,1.0,0.577482474078575,0.141426114274307
"(10, 10, 15)",identity,lbfgs,3000,1.0,0.577482474078575,0.141426114274307
"(10, 10, 20)",relu,adam,200,0.4482758620689655,0.44825854700854695,0.004022169858740673
"(10, 10, 20)",relu,adam,2000,0.4482758620689655,0.44825854700854695,0.004022169858740673
"(10, 10, 20)",relu,adam,2500,0.4482758620689655,0.44825854700854695,0.004022169858740673
"(10, 10, 20)",relu,adam,3000,0.4482758620689655,0.44825854700854695,0.004022169858740673
"(10, 10, 20)",relu,sgd,200,0.4482758620689655,0.44825854700854695,0.004022169858740673
"(10, 10, 20)",relu,sgd,2000,0.4482758620689655,0.44825854700854695,0.004022169858740673
"(10, 10, 20)",relu,sgd,2500,0.4482758620689655,0.44825854700854695,0.004022169858740673
"(10, 10, 20)",relu,sgd,3000,0.4482758620689655,0.44825854700854695,0.004022169858740673
"(10, 10, 20)",relu,lbfgs,200,0.9905655320289467,0.6154902941464633,0.0509614889376231
"(10, 10, 20)",relu,lbfgs,2000,0.9905655320289467,0.6101885783184315,0.04624112564013512
"(10, 10, 20)",relu,lbfgs,2500,0.9905655320289467,0.6101885783184315,0.04624112564013512
"(10, 10, 20)",relu,lbfgs,3000,0.9905655320289467,0.6101885783184315,0.04624112564013512
"(10, 10, 20)",tanh,adam,200,0.4482758620689655,0.44825854700854695,0.004022169858740673
"(10, 10, 20)",tanh,adam,2000,0.4482758620689655,0.44825854700854695,0.004022169858740673
"(10, 10, 20)",tanh,adam,2500,0.4482758620689655,0.44825854700854695,0.004022169858740673
"(10, 10, 20)",tanh,adam,3000,0.4482758620689655,0.44825854700854695,0.004022169858740673
"(10, 10, 20)",tanh,sgd,200,0.4482758620689655,0.44825854700854695,0.004022169858740673
"(10, 10, 20)",tanh,sgd,2000,0.4482758620689655,0.44825854700854695,0.004022169858740673
"(10, 10, 20)",tanh,sgd,2500,0.4482758620689655,0.44825854700854695,0.004022169858740673
"(10, 10, 20)",tanh,sgd,3000,0.4482758620689655,0.44825854700854695,0.004022169858740673
"(10, 10, 20)",tanh,lbfgs,200,1.0,0.5955498649432637,0.14633044741665055
"(10, 10, 20)",tanh,lbfgs,2000,1.0,0.5955498649432637,0.14633044741665055
"(10, 10, 20)",tanh,lbfgs,2500,1.0,0.5955498649432637,0.14633044741665055
"(10, 10, 20)",tanh,lbfgs,3000,1.0,0.5955498649432637,0.14633044741665055
"(10, 10, 20)",logistic,adam,200,0.4482758620689655,0.44825854700854695,0.004022169858740673
"(10, 10, 20)",logistic,adam,2000,0.4482758620689655,0.44825854700854695,0.004022169858740673
"(10, 10, 20)",logistic,adam,2500,0.4482758620689655,0.44825854700854695,0.004022169858740673
"(10, 10, 20)",logistic,adam,3000,0.4482758620689655,0.44825854700854695,0.004022169858740673
"(10, 10, 20)",logistic,sgd,200,0.4482758620689655,0.44825854700854695,0.004022169858740673
"(10, 10, 20)",logistic,sgd,2000,0.4482758620689655,0.44825854700854695,0.004022169858740673
"(10, 10, 20)",logistic,sgd,2500,0.4482758620689655,0.44825854700854695,0.004022169858740673
"(10, 10, 20)",logistic,sgd,3000,0.4482758620689655,0.44825854700854695,0.004022169858740673
"(10, 10, 20)",logistic,lbfgs,200,1.0,0.6576095947063689,0.11156017130307287
"(10, 10, 20)",logistic,lbfgs,2000,1.0,0.6199514000744901,0.04900933986122671
"(10, 10, 20)",logistic,lbfgs,2500,1.0,0.6199514000744901,0.04900933986122671
"(10, 10, 20)",logistic,lbfgs,3000,1.0,0.6199514000744901,0.04900933986122671
"(10, 10, 20)",identity,adam,200,0.49537150815106085,0.4905287797200601,0.10308137272538377
"(10, 10, 20)",identity,adam,2000,0.49537150815106085,0.4905287797200601,0.10308137272538377
"(10, 10, 20)",identity,adam,2500,0.49537150815106085,0.4905287797200601,0.10308137272538377
"(10, 10, 20)",identity,adam,3000,0.49537150815106085,0.4905287797200601,0.10308137272538377
"(10, 10, 20)",identity,sgd,200,0.49537150815106085,0.47283291048659903,0.1072600335140614
"(10, 10, 20)",identity,sgd,2000,0.49537150815106085,0.47283291048659903,0.1072600335140614
"(10, 10, 20)",identity,sgd,2500,0.49537150815106085,0.47283291048659903,0.1072600335140614
"(10, 10, 20)",identity,sgd,3000,0.49537150815106085,0.47283291048659903,0.1072600335140614
"(10, 10, 20)",identity,lbfgs,200,1.0,0.5787195580619083,0.11761919508177633
"(10, 10, 20)",identity,lbfgs,2000,1.0,0.5787195580619083,0.11761919508177633
"(10, 10, 20)",identity,lbfgs,2500,1.0,0.5787195580619083,0.11761919508177633
"(10, 10, 20)",identity,lbfgs,3000,1.0,0.5787195580619083,0.11761919508177633
"(100,)",relu,adam,200,0.4739803094233474,0.4245458963610959,0.013566576301650318
"(100,)",relu,adam,2000,0.4739803094233474,0.4245458963610959,0.013566576301650318
"(100,)",relu,adam,2500,0.4739803094233474,0.4245458963610959,0.013566576301650318
"(100,)",relu,adam,3000,0.4739803094233474,0.4245458963610959,0.013566576301650318
"(100,)",relu,sgd,200,0.4665355943311215,0.4167399593643018,0.016705282087104374
"(100,)",relu,sgd,2000,0.4665355943311215,0.4167399593643018,0.016705282087104374
"(100,)",relu,sgd,2500,0.4665355943311215,0.4167399593643018,0.016705282087104374
"(100,)",relu,sgd,3000,0.4665355943311215,0.4167399593643018,0.016705282087104374
"(100,)",relu,lbfgs,200,1.0,0.5892378772444966,0.09603279400974324
"(100,)",relu,lbfgs,2000,1.0,0.5892378772444966,0.09603279400974324
"(100,)",relu,lbfgs,2500,1.0,0.5892378772444966,0.09603279400974324
"(100,)",relu,lbfgs,3000,1.0,0.5892378772444966,0.09603279400974324
"(100,)",tanh,adam,200,0.5049226441631505,0.45989934542251387,0.06230980275901422
"(100,)",tanh,adam,2000,0.5049226441631505,0.45989934542251387,0.06230980275901422
"(100,)",tanh,adam,2500,0.5049226441631505,0.45989934542251387,0.06230980275901422
"(100,)",tanh,adam,3000,0.5049226441631505,0.45989934542251387,0.06230980275901422
"(100,)",tanh,sgd,200,0.507870753935377,0.4473629924925536,0.05809103498520271
"(100,)",tanh,sgd,2000,0.507870753935377,0.4473629924925536,0.05809103498520271
"(100,)",tanh,sgd,2500,0.507870753935377,0.4473629924925536,0.05809103498520271
"(100,)",tanh,sgd,3000,0.507870753935377,0.4473629924925536,0.05809103498520271
"(100,)",tanh,lbfgs,200,1.0,0.601587477097789,0.11434069021614805
"(100,)",tanh,lbfgs,2000,1.0,0.601587477097789,0.11434069021614805
"(100,)",tanh,lbfgs,2500,1.0,0.601587477097789,0.11434069021614805
"(100,)",tanh,lbfgs,3000,1.0,0.601587477097789,0.11434069021614805
"(100,)",logistic,adam,200,0.4430379746835443,0.4429435483870968,0.00834565404670129
"(100,)",logistic,adam,2000,0.4430379746835443,0.4429435483870968,0.00834565404670129
"(100,)",logistic,adam,2500,0.4430379746835443,0.4429435483870968,0.00834565404670129
"(100,)",logistic,adam,3000,0.4430379746835443,0.4429435483870968,0.00834565404670129
"(100,)",logistic,sgd,200,0.49985791418016484,0.49811843967495967,0.0712147749197682
"(100,)",logistic,sgd,2000,0.49985791418016484,0.49811843967495967,0.0712147749197682
"(100,)",logistic,sgd,2500,0.49985791418016484,0.49811843967495967,0.0712147749197682
"(100,)",logistic,sgd,3000,0.49985791418016484,0.49811843967495967,0.0712147749197682
"(100,)",logistic,lbfgs,200,1.0,0.6272614582890117,0.12502107317679534
"(100,)",logistic,lbfgs,2000,1.0,0.6272614582890117,0.12502107317679534
"(100,)",logistic,lbfgs,2500,1.0,0.6272614582890117,0.12502107317679534
"(100,)",logistic,lbfgs,3000,1.0,0.6272614582890117,0.12502107317679534
"(100,)",identity,adam,200,0.5242074219710002,0.4338339375234896,0.07734781556565373
"(100,)",identity,adam,2000,0.5242074219710002,0.4338339375234896,0.07734781556565373
"(100,)",identity,adam,2500,0.5242074219710002,0.4338339375234896,0.07734781556565373
"(100,)",identity,adam,3000,0.5242074219710002,0.4338339375234896,0.07734781556565373
"(100,)",identity,sgd,200,0.5115830115830116,0.44976802160795365,0.056057914665831085
"(100,)",identity,sgd,2000,0.5115830115830116,0.44976802160795365,0.056057914665831085
"(100,)",identity,sgd,2500,0.5115830115830116,0.44976802160795365,0.056057914665831085
"(100,)",identity,sgd,3000,0.5115830115830116,0.44976802160795365,0.056057914665831085
"(100,)",identity,lbfgs,200,1.0,0.59687077963416,0.14684497052927722
"(100,)",identity,lbfgs,2000,1.0,0.59687077963416,0.14684497052927722
"(100,)",identity,lbfgs,2500,1.0,0.59687077963416,0.14684497052927722
"(100,)",identity,lbfgs,3000,1.0,0.59687077963416,0.14684497052927722
"(200,)",relu,adam,200,0.5363889516068338,0.5105390129583678,0.08713477137448705
"(200,)",relu,adam,2000,0.5363889516068338,0.5105390129583678,0.08713477137448705
"(200,)",relu,adam,2500,0.5363889516068338,0.5105390129583678,0.08713477137448705
"(200,)",relu,adam,3000,0.5363889516068338,0.5105390129583678,0.08713477137448705
"(200,)",relu,sgd,200,0.5070028011204482,0.49765370829886957,0.0644729342404022
"(200,)",relu,sgd,2000,0.5070028011204482,0.49765370829886957,0.0644729342404022
"(200,)",relu,sgd,2500,0.5070028011204482,0.49765370829886957,0.0644729342404022
"(200,)",relu,sgd,3000,0.5070028011204482,0.49765370829886957,0.0644729342404022
"(200,)",relu,lbfgs,200,1.0,0.5732486322995383,0.09360114771308158
"(200,)",relu,lbfgs,2000,1.0,0.5732486322995383,0.09360114771308158
"(200,)",relu,lbfgs,2500,1.0,0.5732486322995383,0.09360114771308158
"(200,)",relu,lbfgs,3000,1.0,0.5732486322995383,0.09360114771308158
"(200,)",tanh,adam,200,0.5530433357909397,0.4925481145322864,0.07021805264970124
"(200,)",tanh,adam,2000,0.5530433357909397,0.4925481145322864,0.07021805264970124
"(200,)",tanh,adam,2500,0.5530433357909397,0.4925481145322864,0.07021805264970124
"(200,)",tanh,adam,3000,0.5530433357909397,0.4925481145322864,0.07021805264970124
"(200,)",tanh,sgd,200,0.540641312453393,0.518173725480478,0.07279400001450613
"(200,)",tanh,sgd,2000,0.540641312453393,0.518173725480478,0.07279400001450613
"(200,)",tanh,sgd,2500,0.540641312453393,0.518173725480478,0.07279400001450613
"(200,)",tanh,sgd,3000,0.540641312453393,0.518173725480478,0.07279400001450613
"(200,)",tanh,lbfgs,200,1.0,0.606323487444861,0.11633463516332722
"(200,)",tanh,lbfgs,2000,1.0,0.606323487444861,0.11633463516332722
"(200,)",tanh,lbfgs,2500,1.0,0.606323487444861,0.11633463516332722
"(200,)",tanh,lbfgs,3000,1.0,0.606323487444861,0.11633463516332722
"(200,)",logistic,adam,200,0.4482758620689655,0.44825854700854695,0.004022169858740673
"(200,)",logistic,adam,2000,0.4482758620689655,0.44825854700854695,0.004022169858740673
"(200,)",logistic,adam,2500,0.4482758620689655,0.44825854700854695,0.004022169858740673
"(200,)",logistic,adam,3000,0.4482758620689655,0.44825854700854695,0.004022169858740673
"(200,)",logistic,sgd,200,0.4482758620689655,0.44825854700854695,0.004022169858740673
"(200,)",logistic,sgd,2000,0.4482758620689655,0.44825854700854695,0.004022169858740673
"(200,)",logistic,sgd,2500,0.4482758620689655,0.44825854700854695,0.004022169858740673
"(200,)",logistic,sgd,3000,0.4482758620689655,0.44825854700854695,0.004022169858740673
"(200,)",logistic,lbfgs,200,1.0,0.6179098503406022,0.09693213600871362
"(200,)",logistic,lbfgs,2000,1.0,0.6179098503406022,0.09693213600871362
"(200,)",logistic,lbfgs,2500,1.0,0.6179098503406022,0.09693213600871362
"(200,)",logistic,lbfgs,3000,1.0,0.6179098503406022,0.09693213600871362
"(200,)",identity,adam,200,0.5674347158218126,0.5037366850494825,0.08912749575344563
"(200,)",identity,adam,2000,0.5674347158218126,0.5037366850494825,0.08912749575344563
"(200,)",identity,adam,2500,0.5674347158218126,0.5037366850494825,0.08912749575344563
"(200,)",identity,adam,3000,0.5674347158218126,0.5037366850494825,0.08912749575344563
"(200,)",identity,sgd,200,0.5376843806829663,0.47512738473283067,0.050869745800857
"(200,)",identity,sgd,2000,0.5376843806829663,0.47512738473283067,0.050869745800857
"(200,)",identity,sgd,2500,0.5376843806829663,0.47512738473283067,0.050869745800857
"(200,)",identity,sgd,3000,0.5376843806829663,0.47512738473283067,0.050869745800857
"(200,)",identity,lbfgs,200,1.0,0.5838263584719472,0.1425431439224142
"(200,)",identity,lbfgs,2000,1.0,0.5838263584719472,0.1425431439224142
"(200,)",identity,lbfgs,2500,1.0,0.5838263584719472,0.1425431439224142
"(200,)",identity,lbfgs,3000,1.0,0.5838263584719472,0.1425431439224142
"(300,)",relu,adam,200,0.7421695151726544,0.4817004114258007,0.05188915958206049
"(300,)",relu,adam,2000,0.7421695151726544,0.4817004114258007,0.05188915958206049
"(300,)",relu,adam,2500,0.7421695151726544,0.4817004114258007,0.05188915958206049
"(300,)",relu,adam,3000,0.7421695151726544,0.4817004114258007,0.05188915958206049
"(300,)",relu,sgd,200,0.5367003367003367,0.4698456833217561,0.06220075297283362
"(300,)",relu,sgd,2000,0.5367003367003367,0.4698456833217561,0.06220075297283362
"(300,)",relu,sgd,2500,0.5367003367003367,0.4698456833217561,0.06220075297283362
"(300,)",relu,sgd,3000,0.5367003367003367,0.4698456833217561,0.06220075297283362
"(300,)",relu,lbfgs,200,1.0,0.5934095506702592,0.05772812523083481
"(300,)",relu,lbfgs,2000,1.0,0.5934095506702592,0.05772812523083481
"(300,)",relu,lbfgs,2500,1.0,0.5934095506702592,0.05772812523083481
"(300,)",relu,lbfgs,3000,1.0,0.5934095506702592,0.05772812523083481
"(300,)",tanh,adam,200,0.8938223938223938,0.459428773933335,0.04808523743593282
"(300,)",tanh,adam,2000,0.8938223938223938,0.459428773933335,0.04808523743593282
"(300,)",tanh,adam,2500,0.8938223938223938,0.459428773933335,0.04808523743593282
"(300,)",tanh,adam,3000,0.8938223938223938,0.459428773933335,0.04808523743593282
"(300,)",tanh,sgd,200,0.49537150815106085,0.4393565647217816,0.009013551270987954
"(300,)",tanh,sgd,2000,0.49537150815106085,0.4393565647217816,0.009013551270987954
"(300,)",tanh,sgd,2500,0.49537150815106085,0.4393565647217816,0.009013551270987954
"(300,)",tanh,sgd,3000,0.49537150815106085,0.4393565647217816,0.009013551270987954
"(300,)",tanh,lbfgs,200,1.0,0.6004816570823304,0.11079695800185649
"(300,)",tanh,lbfgs,2000,1.0,0.6004816570823304,0.11079695800185649
"(300,)",tanh,lbfgs,2500,1.0,0.6004816570823304,0.11079695800185649
"(300,)",tanh,lbfgs,3000,1.0,0.6004816570823304,0.11079695800185649
"(300,)",logistic,adam,200,0.47909729929707734,0.44825854700854695,0.004022169858740673
"(300,)",logistic,adam,2000,0.47909729929707734,0.44825854700854695,0.004022169858740673
"(300,)",logistic,adam,2500,0.47909729929707734,0.44825854700854695,0.004022169858740673
"(300,)",logistic,adam,3000,0.47909729929707734,0.44825854700854695,0.004022169858740673
"(300,)",logistic,sgd,200,0.4923076923076923,0.44474206349206347,0.008968989206411825
"(300,)",logistic,sgd,2000,0.4923076923076923,0.44474206349206347,0.008968989206411825
"(300,)",logistic,sgd,2500,0.4923076923076923,0.44474206349206347,0.008968989206411825
"(300,)",logistic,sgd,3000,0.4923076923076923,0.44474206349206347,0.008968989206411825
"(300,)",logistic,lbfgs,200,1.0,0.571405314327188,0.09647869359313316
"(300,)",logistic,lbfgs,2000,1.0,0.571405314327188,0.09647869359313316
"(300,)",logistic,lbfgs,2500,1.0,0.571405314327188,0.09647869359313316
"(300,)",logistic,lbfgs,3000,1.0,0.571405314327188,0.09647869359313316
"(300,)",identity,adam,200,0.6623376623376623,0.4717824297092699,0.06694170074748072
"(300,)",identity,adam,2000,0.6623376623376623,0.4717824297092699,0.06694170074748072
"(300,)",identity,adam,2500,0.6623376623376623,0.4717824297092699,0.06694170074748072
"(300,)",identity,adam,3000,0.6623376623376623,0.4717824297092699,0.06694170074748072
"(300,)",identity,sgd,200,0.5457272410184862,0.4637149050362586,0.04684417053398984
"(300,)",identity,sgd,2000,0.5457272410184862,0.4637149050362586,0.04684417053398984
"(300,)",identity,sgd,2500,0.5457272410184862,0.4637149050362586,0.04684417053398984
"(300,)",identity,sgd,3000,0.5457272410184862,0.4637149050362586,0.04684417053398984
"(300,)",identity,lbfgs,200,1.0,0.6026759293781495,0.09291745236041123
"(300,)",identity,lbfgs,2000,1.0,0.6026759293781495,0.09291745236041123
"(300,)",identity,lbfgs,2500,1.0,0.6026759293781495,0.09291745236041123
"(300,)",identity,lbfgs,3000,1.0,0.6026759293781495,0.09291745236041123
"(100, 50)",relu,adam,200,0.5613928739812757,0.5240585552508404,0.0843681035131855
"(100, 50)",relu,adam,2000,0.5613928739812757,0.5240585552508404,0.0843681035131855
"(100, 50)",relu,adam,2500,0.5613928739812757,0.5240585552508404,0.0843681035131855
"(100, 50)",relu,adam,3000,0.5613928739812757,0.5240585552508404,0.0843681035131855
"(100, 50)",relu,sgd,200,0.5376843806829663,0.5114917359569311,0.08595585617402576
"(100, 50)",relu,sgd,2000,0.5376843806829663,0.5114917359569311,0.08595585617402576
"(100, 50)",relu,sgd,2500,0.5376843806829663,0.5114917359569311,0.08595585617402576
"(100, 50)",relu,sgd,3000,0.5376843806829663,0.5114917359569311,0.08595585617402576
"(100, 50)",relu,lbfgs,200,1.0,0.6226750536364317,0.1341935139442219
"(100, 50)",relu,lbfgs,2000,1.0,0.6226750536364317,0.1341935139442219
"(100, 50)",relu,lbfgs,2500,1.0,0.6226750536364317,0.1341935139442219
"(100, 50)",relu,lbfgs,3000,1.0,0.6226750536364317,0.1341935139442219
"(100, 50)",tanh,adam,200,0.5151515151515151,0.49483646953405014,0.05863915345668301
"(100, 50)",tanh,adam,2000,0.5151515151515151,0.49483646953405014,0.05863915345668301
"(100, 50)",tanh,adam,2500,0.5151515151515151,0.49483646953405014,0.05863915345668301
"(100, 50)",tanh,adam,3000,0.5151515151515151,0.49483646953405014,0.05863915345668301
"(100, 50)",tanh,sgd,200,0.5692992213570635,0.4908221326164875,0.054913715813389066
"(100, 50)",tanh,sgd,2000,0.5692992213570635,0.4908221326164875,0.054913715813389066
"(100, 50)",tanh,sgd,2500,0.5692992213570635,0.4908221326164875,0.054913715813389066
"(100, 50)",tanh,sgd,3000,0.5692992213570635,0.4908221326164875,0.054913715813389066
"(100, 50)",tanh,lbfgs,200,1.0,0.6144621513488993,0.13094817481281573
"(100, 50)",tanh,lbfgs,2000,1.0,0.6144621513488993,0.13094817481281573
"(100, 50)",tanh,lbfgs,2500,1.0,0.6144621513488993,0.13094817481281573
"(100, 50)",tanh,lbfgs,3000,1.0,0.6144621513488993,0.13094817481281573
"(100, 50)",logistic,adam,200,0.4482758620689655,0.4343696581196581,0.029895318732060045
"(100, 50)",logistic,adam,2000,0.4482758620689655,0.4343696581196581,0.029895318732060045
"(100, 50)",logistic,adam,2500,0.4482758620689655,0.4343696581196581,0.029895318732060045
"(100, 50)",logistic,adam,3000,0.4482758620689655,0.4343696581196581,0.029895318732060045
"(100, 50)",logistic,sgd,200,0.44654088050314467,0.44825854700854695,0.004022169858740673
"(100, 50)",logistic,sgd,2000,0.44654088050314467,0.44825854700854695,0.004022169858740673
"(100, 50)",logistic,sgd,2500,0.44654088050314467,0.44825854700854695,0.004022169858740673
"(100, 50)",logistic,sgd,3000,0.44654088050314467,0.44825854700854695,0.004022169858740673
"(100, 50)",logistic,lbfgs,200,1.0,0.6061250502881841,0.11910671868582574
"(100, 50)",logistic,lbfgs,2000,1.0,0.6061250502881841,0.11910671868582574
"(100, 50)",logistic,lbfgs,2500,1.0,0.6061250502881841,0.11910671868582574
"(100, 50)",logistic,lbfgs,3000,1.0,0.6061250502881841,0.11910671868582574
"(100, 50)",identity,adam,200,0.5934876908343192,0.48356884885342055,0.05538101175601937
"(100, 50)",identity,adam,2000,0.5934876908343192,0.48356884885342055,0.05538101175601937
"(100, 50)",identity,adam,2500,0.5934876908343192,0.48356884885342055,0.05538101175601937
"(100, 50)",identity,adam,3000,0.5934876908343192,0.48356884885342055,0.05538101175601937
"(100, 50)",identity,sgd,200,0.5990057995028998,0.49554800787748565,0.09462459851652835
"(100, 50)",identity,sgd,2000,0.5990057995028998,0.49554800787748565,0.09462459851652835
"(100, 50)",identity,sgd,2500,0.5990057995028998,0.49554800787748565,0.09462459851652835
"(100, 50)",identity,sgd,3000,0.5990057995028998,0.49554800787748565,0.09462459851652835
"(100, 50)",identity,lbfgs,200,1.0,0.602216391143871,0.14233792407466675
"(100, 50)",identity,lbfgs,2000,1.0,0.602216391143871,0.14233792407466675
"(100, 50)",identity,lbfgs,2500,1.0,0.602216391143871,0.14233792407466675
"(100, 50)",identity,lbfgs,3000,1.0,0.602216391143871,0.14233792407466675
"(200, 100)",relu,adam,200,0.9516669412863183,0.44121383768561184,0.008431043287024587
"(200, 100)",relu,adam,2000,0.9516669412863183,0.44121383768561184,0.008431043287024587
"(200, 100)",relu,adam,2500,0.9516669412863183,0.44121383768561184,0.008431043287024587
"(200, 100)",relu,adam,3000,0.9516669412863183,0.44121383768561184,0.008431043287024587
"(200, 100)",relu,sgd,200,0.44654088050314467,0.4464664323132065,0.006534154054421401
"(200, 100)",relu,sgd,2000,0.44654088050314467,0.4464664323132065,0.006534154054421401
"(200, 100)",relu,sgd,2500,0.44654088050314467,0.4464664323132065,0.006534154054421401
"(200, 100)",relu,sgd,3000,0.44654088050314467,0.4464664323132065,0.006534154054421401
"(200, 100)",relu,lbfgs,200,1.0,0.5755210009049525,0.10870195115114194
"(200, 100)",relu,lbfgs,2000,1.0,0.5755210009049525,0.10870195115114194
"(200, 100)",relu,lbfgs,2500,1.0,0.5755210009049525,0.10870195115114194
"(200, 100)",relu,lbfgs,3000,1.0,0.5755210009049525,0.10870195115114194
"(200, 100)",tanh,adam,200,0.8687546607009694,0.44825854700854695,0.004022169858740673
"(200, 100)",tanh,adam,2000,0.8687546607009694,0.44825854700854695,0.004022169858740673
"(200, 100)",tanh,adam,2500,0.8687546607009694,0.44825854700854695,0.004022169858740673
"(200, 100)",tanh,adam,3000,0.8687546607009694,0.44825854700854695,0.004022169858740673
"(200, 100)",tanh,sgd,200,0.4665355943311215,0.43744399641577064,0.012086710103971495
"(200, 100)",tanh,sgd,2000,0.4665355943311215,0.43744399641577064,0.012086710103971495
"(200, 100)",tanh,sgd,2500,0.4665355943311215,0.43744399641577064,0.012086710103971495
"(200, 100)",tanh,sgd,3000,0.4665355943311215,0.43744399641577064,0.012086710103971495
"(200, 100)",tanh,lbfgs,200,1.0,0.5972843420264531,0.1180126354513398
"(200, 100)",tanh,lbfgs,2000,1.0,0.5972843420264531,0.1180126354513398
"(200, 100)",tanh,lbfgs,2500,1.0,0.5972843420264531,0.1180126354513398
"(200, 100)",tanh,lbfgs,3000,1.0,0.5972843420264531,0.1180126354513398
"(200, 100)",logistic,adam,200,0.4482758620689655,0.44825854700854695,0.004022169858740673
"(200, 100)",logistic,adam,2000,0.4482758620689655,0.44825854700854695,0.004022169858740673
"(200, 100)",logistic,adam,2500,0.4482758620689655,0.44825854700854695,0.004022169858740673
"(200, 100)",logistic,adam,3000,0.4482758620689655,0.44825854700854695,0.004022169858740673
"(200, 100)",logistic,sgd,200,0.4482758620689655,0.44825854700854695,0.004022169858740673
"(200, 100)",logistic,sgd,2000,0.4482758620689655,0.44825854700854695,0.004022169858740673
"(200, 100)",logistic,sgd,2500,0.4482758620689655,0.44825854700854695,0.004022169858740673
"(200, 100)",logistic,sgd,3000,0.4482758620689655,0.44825854700854695,0.004022169858740673
"(200, 100)",logistic,lbfgs,200,1.0,0.612097568727157,0.12297806343699129
"(200, 100)",logistic,lbfgs,2000,1.0,0.612097568727157,0.12297806343699129
"(200, 100)",logistic,lbfgs,2500,1.0,0.612097568727157,0.12297806343699129
"(200, 100)",logistic,lbfgs,3000,1.0,0.612097568727157,0.12297806343699129
"(200, 100)",identity,adam,200,0.6864035087719298,0.43560707885304667,0.014737368462318028
"(200, 100)",identity,adam,2000,0.6864035087719298,0.43560707885304667,0.014737368462318028
"(200, 100)",identity,adam,2500,0.6864035087719298,0.43560707885304667,0.014737368462318028
"(200, 100)",identity,adam,3000,0.6864035087719298,0.43560707885304667,0.014737368462318028
"(200, 100)",identity,sgd,200,0.47485080988917305,0.4292455120036537,0.036734505376188394
"(200, 100)",identity,sgd,2000,0.47485080988917305,0.4292455120036537,0.036734505376188394
"(200, 100)",identity,sgd,2500,0.47485080988917305,0.4292455120036537,0.036734505376188394
"(200, 100)",identity,sgd,3000,0.47485080988917305,0.4292455120036537,0.036734505376188394
"(200, 100)",identity,lbfgs,200,1.0,0.595558738848435,0.14616047352593453
"(200, 100)",identity,lbfgs,2000,1.0,0.595558738848435,0.14616047352593453
"(200, 100)",identity,lbfgs,2500,1.0,0.595558738848435,0.14616047352593453
"(200, 100)",identity,lbfgs,3000,1.0,0.595558738848435,0.14616047352593453
"(300, 150)",relu,adam,200,0.5708593517692536,0.4465224358974359,0.0033670122234308727
"(300, 150)",relu,adam,2000,0.5708593517692536,0.4465224358974359,0.0033670122234308727
"(300, 150)",relu,adam,2500,0.5708593517692536,0.4465224358974359,0.0033670122234308727
"(300, 150)",relu,adam,3000,0.5708593517692536,0.4465224358974359,0.0033670122234308727
"(300, 150)",relu,sgd,200,0.5469107551487414,0.44305555555555554,0.002777777777777768
"(300, 150)",relu,sgd,2000,0.5469107551487414,0.44305555555555554,0.002777777777777768
"(300, 150)",relu,sgd,2500,0.5469107551487414,0.44305555555555554,0.002777777777777768
"(300, 150)",relu,sgd,3000,0.5469107551487414,0.44305555555555554,0.002777777777777768
"(300, 150)",relu,lbfgs,200,1.0,0.5850325266718709,0.11354921642567499
"(300, 150)",relu,lbfgs,2000,1.0,0.5850325266718709,0.11354921642567499
"(300, 150)",relu,lbfgs,2500,1.0,0.5850325266718709,0.11354921642567499
"(300, 150)",relu,lbfgs,3000,1.0,0.5850325266718709,0.11354921642567499
"(300, 150)",tanh,adam,200,0.5139758873846568,0.46406810035842294,0.057013756817889
"(300, 150)",tanh,adam,2000,0.5139758873846568,0.46406810035842294,0.057013756817889
"(300, 150)",tanh,adam,2500,0.5139758873846568,0.46406810035842294,0.057013756817889
"(300, 150)",tanh,adam,3000,0.5139758873846568,0.46406810035842294,0.057013756817889
"(300, 150)",tanh,sgd,200,0.4968928660203828,0.47293807990000475,0.08384782141667059
"(300, 150)",tanh,sgd,2000,0.4968928660203828,0.47293807990000475,0.08384782141667059
"(300, 150)",tanh,sgd,2500,0.4968928660203828,0.47293807990000475,0.08384782141667059
"(300, 150)",tanh,sgd,3000,0.4968928660203828,0.47293807990000475,0.08384782141667059
"(300, 150)",tanh,lbfgs,200,1.0,0.6288138905481442,0.13510779054592972
"(300, 150)",tanh,lbfgs,2000,1.0,0.6288138905481442,0.13510779054592972
"(300, 150)",tanh,lbfgs,2500,1.0,0.6288138905481442,0.13510779054592972
"(300, 150)",tanh,lbfgs,3000,1.0,0.6288138905481442,0.13510779054592972
"(300, 150)",logistic,adam,200,0.4482758620689655,0.44825854700854695,0.004022169858740673
"(300, 150)",logistic,adam,2000,0.4482758620689655,0.44825854700854695,0.004022169858740673
"(300, 150)",logistic,adam,2500,0.4482758620689655,0.44825854700854695,0.004022169858740673
"(300, 150)",logistic,adam,3000,0.4482758620689655,0.44825854700854695,0.004022169858740673
"(300, 150)",logistic,sgd,200,0.4482758620689655,0.4465224358974359,0.0033670122234308727
"(300, 150)",logistic,sgd,2000,0.4482758620689655,0.4465224358974359,0.0033670122234308727
"(300, 150)",logistic,sgd,2500,0.4482758620689655,0.4465224358974359,0.0033670122234308727
"(300, 150)",logistic,sgd,3000,0.4482758620689655,0.4465224358974359,0.0033670122234308727
"(300, 150)",logistic,lbfgs,200,1.0,0.5820324067892837,0.09553136761630701
"(300, 150)",logistic,lbfgs,2000,1.0,0.5820324067892837,0.09553136761630701
"(300, 150)",logistic,lbfgs,2500,1.0,0.5820324067892837,0.09553136761630701
"(300, 150)",logistic,lbfgs,3000,1.0,0.5820324067892837,0.09553136761630701
"(300, 150)",identity,adam,200,0.5377110694183864,0.4831041776837653,0.07658385706619553
"(300, 150)",identity,adam,2000,0.5377110694183864,0.4831041776837653,0.07658385706619553
"(300, 150)",identity,adam,2500,0.5377110694183864,0.4831041776837653,0.07658385706619553
"(300, 150)",identity,adam,3000,0.5377110694183864,0.4831041776837653,0.07658385706619553
"(300, 150)",identity,sgd,200,0.5133640552995392,0.4457646151007154,0.03901316552339067
"(300, 150)",identity,sgd,2000,0.5133640552995392,0.4457646151007154,0.03901316552339067
"(300, 150)",identity,sgd,2500,0.5133640552995392,0.4457646151007154,0.03901316552339067
"(300, 150)",identity,sgd,3000,0.5133640552995392,0.4457646151007154,0.03901316552339067
"(300, 150)",identity,lbfgs,200,1.0,0.5854152035193552,0.09342109338486618
"(300, 150)",identity,lbfgs,2000,1.0,0.5854152035193552,0.09342109338486618
"(300, 150)",identity,lbfgs,2500,1.0,0.5854152035193552,0.09342109338486618
"(300, 150)",identity,lbfgs,3000,1.0,0.5854152035193552,0.09342109338486618
"(100, 50, 25)",relu,adam,200,0.5049226441631505,0.5383590407498209,0.08989699656850761
"(100, 50, 25)",relu,adam,2000,0.5049226441631505,0.5383590407498209,0.08989699656850761
"(100, 50, 25)",relu,adam,2500,0.5049226441631505,0.5383590407498209,0.08989699656850761
"(100, 50, 25)",relu,adam,3000,0.5049226441631505,0.5383590407498209,0.08989699656850761
"(100, 50, 25)",relu,sgd,200,0.5082469580892294,0.5190323365449261,0.09294937371093737
"(100, 50, 25)",relu,sgd,2000,0.5082469580892294,0.5190323365449261,0.09294937371093737
"(100, 50, 25)",relu,sgd,2500,0.5082469580892294,0.5190323365449261,0.09294937371093737
"(100, 50, 25)",relu,sgd,3000,0.5082469580892294,0.5190323365449261,0.09294937371093737
"(100, 50, 25)",relu,lbfgs,200,1.0,0.6130474308915488,0.1400088995387277
"(100, 50, 25)",relu,lbfgs,2000,1.0,0.6130474308915488,0.1400088995387277
"(100, 50, 25)",relu,lbfgs,2500,1.0,0.6130474308915488,0.1400088995387277
"(100, 50, 25)",relu,lbfgs,3000,1.0,0.6130474308915488,0.1400088995387277
"(100, 50, 25)",tanh,adam,200,0.5049226441631505,0.4935233100820092,0.059818458522746344
"(100, 50, 25)",tanh,adam,2000,0.5049226441631505,0.4935233100820092,0.059818458522746344
"(100, 50, 25)",tanh,adam,2500,0.5049226441631505,0.4935233100820092,0.059818458522746344
"(100, 50, 25)",tanh,adam,3000,0.5049226441631505,0.4935233100820092,0.059818458522746344
"(100, 50, 25)",tanh,sgd,200,0.54185225892289,0.4562094155844155,0.06107795058820557
"(100, 50, 25)",tanh,sgd,2000,0.54185225892289,0.4562094155844155,0.06107795058820557
"(100, 50, 25)",tanh,sgd,2500,0.54185225892289,0.4562094155844155,0.06107795058820557
"(100, 50, 25)",tanh,sgd,3000,0.54185225892289,0.4562094155844155,0.06107795058820557
"(100, 50, 25)",tanh,lbfgs,200,1.0,0.6224759990484388,0.13495582900341938
"(100, 50, 25)",tanh,lbfgs,2000,1.0,0.6224759990484388,0.13495582900341938
"(100, 50, 25)",tanh,lbfgs,2500,1.0,0.6224759990484388,0.13495582900341938
"(100, 50, 25)",tanh,lbfgs,3000,1.0,0.6224759990484388,0.13495582900341938
"(100, 50, 25)",logistic,adam,200,0.4482758620689655,0.44825854700854695,0.004022169858740673
"(100, 50, 25)",logistic,adam,2000,0.4482758620689655,0.44825854700854695,0.004022169858740673
"(100, 50, 25)",logistic,adam,2500,0.4482758620689655,0.44825854700854695,0.004022169858740673
"(100, 50, 25)",logistic,adam,3000,0.4482758620689655,0.44825854700854695,0.004022169858740673
"(100, 50, 25)",logistic,sgd,200,0.46655890078803797,0.46050512431800017,0.027825573348536525
"(100, 50, 25)",logistic,sgd,2000,0.46655890078803797,0.46050512431800017,0.027825573348536525
"(100, 50, 25)",logistic,sgd,2500,0.46655890078803797,0.46050512431800017,0.027825573348536525
"(100, 50, 25)",logistic,sgd,3000,0.46655890078803797,0.46050512431800017,0.027825573348536525
"(100, 50, 25)",logistic,lbfgs,200,1.0,0.6009043503581459,0.10376333677060164
"(100, 50, 25)",logistic,lbfgs,2000,1.0,0.6009043503581459,0.10376333677060164
"(100, 50, 25)",logistic,lbfgs,2500,1.0,0.6009043503581459,0.10376333677060164
"(100, 50, 25)",logistic,lbfgs,3000,1.0,0.6009043503581459,0.10376333677060164
"(100, 50, 25)",identity,adam,200,0.621505376344086,0.48629320276497695,0.08282241978897377
"(100, 50, 25)",identity,adam,2000,0.621505376344086,0.48629320276497695,0.08282241978897377
"(100, 50, 25)",identity,adam,2500,0.621505376344086,0.48629320276497695,0.08282241978897377
"(100, 50, 25)",identity,adam,3000,0.621505376344086,0.48629320276497695,0.08282241978897377
"(100, 50, 25)",identity,sgd,200,0.5169006352442945,0.49720581059359337,0.1159460109579529
"(100, 50, 25)",identity,sgd,2000,0.5169006352442945,0.49720581059359337,0.1159460109579529
"(100, 50, 25)",identity,sgd,2500,0.5169006352442945,0.49720581059359337,0.1159460109579529
"(100, 50, 25)",identity,sgd,3000,0.5169006352442945,0.49720581059359337,0.1159460109579529
"(100, 50, 25)",identity,lbfgs,200,1.0,0.5939847179120149,0.13494631993142092
"(100, 50, 25)",identity,lbfgs,2000,1.0,0.5939847179120149,0.13494631993142092
"(100, 50, 25)",identity,lbfgs,2500,1.0,0.5939847179120149,0.13494631993142092
"(100, 50, 25)",identity,lbfgs,3000,1.0,0.5939847179120149,0.13494631993142092
"(200, 100, 50)",relu,adam,200,0.47909729929707734,0.43482652946468736,0.024639839034613156
"(200, 100, 50)",relu,adam,2000,0.47909729929707734,0.43482652946468736,0.024639839034613156
"(200, 100, 50)",relu,adam,2500,0.47909729929707734,0.43482652946468736,0.024639839034613156
"(200, 100, 50)",relu,adam,3000,0.47909729929707734,0.43482652946468736,0.024639839034613156
"(200, 100, 50)",relu,sgd,200,0.4430379746835443,0.4577933408790794,0.0633176394178743
"(200, 100, 50)",relu,sgd,2000,0.4430379746835443,0.4577933408790794,0.0633176394178743
"(200, 100, 50)",relu,sgd,2500,0.4430379746835443,0.4577933408790794,0.0633176394178743
"(200, 100, 50)",relu,sgd,3000,0.4430379746835443,0.4577933408790794,0.0633176394178743
"(200, 100, 50)",relu,lbfgs,200,1.0,0.5839361614164651,0.0921146034167144
"(200, 100, 50)",relu,lbfgs,2000,1.0,0.5839361614164651,0.0921146034167144
"(200, 100, 50)",relu,lbfgs,2500,1.0,0.5839361614164651,0.0921146034167144
"(200, 100, 50)",relu,lbfgs,3000,1.0,0.5839361614164651,0.0921146034167144
"(200, 100, 50)",tanh,adam,200,0.5279919544083138,0.5207760496671787,0.06629482047825543
"(200, 100, 50)",tanh,adam,2000,0.5279919544083138,0.5207760496671787,0.06629482047825543
"(200, 100, 50)",tanh,adam,2500,0.5279919544083138,0.5207760496671787,0.06629482047825543
"(200, 100, 50)",tanh,adam,3000,0.5279919544083138,0.5207760496671787,0.06629482047825543
"(200, 100, 50)",tanh,sgd,200,0.5333440462799293,0.5117946553050334,0.059492575204251386
"(200, 100, 50)",tanh,sgd,2000,0.5333440462799293,0.5117946553050334,0.059492575204251386
"(200, 100, 50)",tanh,sgd,2500,0.5333440462799293,0.5117946553050334,0.059492575204251386
"(200, 100, 50)",tanh,sgd,3000,0.5333440462799293,0.5117946553050334,0.059492575204251386
"(200, 100, 50)",tanh,lbfgs,200,1.0,0.6208778572093743,0.13560058201818329
"(200, 100, 50)",tanh,lbfgs,2000,1.0,0.6208778572093743,0.13560058201818329
"(200, 100, 50)",tanh,lbfgs,2500,1.0,0.6208778572093743,0.13560058201818329
"(200, 100, 50)",tanh,lbfgs,3000,1.0,0.6208778572093743,0.13560058201818329
"(200, 100, 50)",logistic,adam,200,0.47909729929707734,0.44825854700854695,0.004022169858740673
"(200, 100, 50)",logistic,adam,2000,0.47909729929707734,0.44825854700854695,0.004022169858740673
"(200, 100, 50)",logistic,adam,2500,0.47909729929707734,0.44825854700854695,0.004022169858740673
"(200, 100, 50)",logistic,adam,3000,0.47909729929707734,0.44825854700854695,0.004022169858740673
"(200, 100, 50)",logistic,sgd,200,0.4482758620689655,0.47653235653235654,0.06332458422113424
"(200, 100, 50)",logistic,sgd,2000,0.4482758620689655,0.47653235653235654,0.06332458422113424
"(200, 100, 50)",logistic,sgd,2500,0.4482758620689655,0.47653235653235654,0.06332458422113424
"(200, 100, 50)",logistic,sgd,3000,0.4482758620689655,0.47653235653235654,0.06332458422113424
"(200, 100, 50)",logistic,lbfgs,200,1.0,0.6224502541845078,0.13470878644043074
"(200, 100, 50)",logistic,lbfgs,2000,1.0,0.6224502541845078,0.13470878644043074
"(200, 100, 50)",logistic,lbfgs,2500,1.0,0.6224502541845078,0.13470878644043074
"(200, 100, 50)",logistic,lbfgs,3000,1.0,0.6224502541845078,0.13470878644043074
"(200, 100, 50)",identity,adam,200,0.5016731016731018,0.49367927547363033,0.0808385729940099
"(200, 100, 50)",identity,adam,2000,0.5016731016731018,0.49367927547363033,0.0808385729940099
"(200, 100, 50)",identity,adam,2500,0.5016731016731018,0.49367927547363033,0.0808385729940099
"(200, 100, 50)",identity,adam,3000,0.5016731016731018,0.49367927547363033,0.0808385729940099
"(200, 100, 50)",identity,sgd,200,0.5458597231996246,0.5096272653253087,0.10291745113741196
"(200, 100, 50)",identity,sgd,2000,0.5458597231996246,0.5096272653253087,0.10291745113741196
"(200, 100, 50)",identity,sgd,2500,0.5458597231996246,0.5096272653253087,0.10291745113741196
"(200, 100, 50)",identity,sgd,3000,0.5458597231996246,0.5096272653253087,0.10291745113741196
"(200, 100, 50)",identity,lbfgs,200,1.0,0.5906675695950494,0.13817043540230478
"(200, 100, 50)",identity,lbfgs,2000,1.0,0.5906675695950494,0.13817043540230478
"(200, 100, 50)",identity,lbfgs,2500,1.0,0.5906675695950494,0.13817043540230478
"(200, 100, 50)",identity,lbfgs,3000,1.0,0.5906675695950494,0.13817043540230478
"(300, 150, 75)",relu,adam,200,0.444794952681388,0.4429382065067549,0.006745577653474676
"(300, 150, 75)",relu,adam,2000,0.444794952681388,0.4429382065067549,0.006745577653474676
"(300, 150, 75)",relu,adam,2500,0.444794952681388,0.4429382065067549,0.006745577653474676
"(300, 150, 75)",relu,adam,3000,0.444794952681388,0.4429382065067549,0.006745577653474676
"(300, 150, 75)",relu,sgd,200,0.4340836012861736,0.4299174401398977,0.017101907824849473
"(300, 150, 75)",relu,sgd,2000,0.4340836012861736,0.4299174401398977,0.017101907824849473
"(300, 150, 75)",relu,sgd,2500,0.4340836012861736,0.4299174401398977,0.017101907824849473
"(300, 150, 75)",relu,sgd,3000,0.4340836012861736,0.4299174401398977,0.017101907824849473
"(300, 150, 75)",relu,lbfgs,200,1.0,0.6122152835214891,0.13369330960596248
"(300, 150, 75)",relu,lbfgs,2000,1.0,0.6122152835214891,0.13369330960596248
"(300, 150, 75)",relu,lbfgs,2500,1.0,0.6122152835214891,0.13369330960596248
"(300, 150, 75)",relu,lbfgs,3000,1.0,0.6122152835214891,0.13369330960596248
"(300, 150, 75)",tanh,adam,200,0.47909729929707734,0.5424168282055105,0.07015016710449849
"(300, 150, 75)",tanh,adam,2000,0.47909729929707734,0.5424168282055105,0.07015016710449849
"(300, 150, 75)",tanh,adam,2500,0.47909729929707734,0.5424168282055105,0.07015016710449849
"(300, 150, 75)",tanh,adam,3000,0.47909729929707734,0.5424168282055105,0.07015016710449849
"(300, 150, 75)",tanh,sgd,200,0.5098968916986528,0.48579161525354025,0.0658553104377798
"(300, 150, 75)",tanh,sgd,2000,0.5098968916986528,0.48579161525354025,0.0658553104377798
"(300, 150, 75)",tanh,sgd,2500,0.5098968916986528,0.48579161525354025,0.0658553104377798
"(300, 150, 75)",tanh,sgd,3000,0.5098968916986528,0.48579161525354025,0.0658553104377798
"(300, 150, 75)",tanh,lbfgs,200,1.0,0.6243796848899968,0.1261276168156751
"(300, 150, 75)",tanh,lbfgs,2000,1.0,0.6243796848899968,0.1261276168156751
"(300, 150, 75)",tanh,lbfgs,2500,1.0,0.6243796848899968,0.1261276168156751
"(300, 150, 75)",tanh,lbfgs,3000,1.0,0.6243796848899968,0.1261276168156751
"(300, 150, 75)",logistic,adam,200,0.4482758620689655,0.44825854700854695,0.004022169858740673
"(300, 150, 75)",logistic,adam,2000,0.4482758620689655,0.44825854700854695,0.004022169858740673
"(300, 150, 75)",logistic,adam,2500,0.4482758620689655,0.44825854700854695,0.004022169858740673
"(300, 150, 75)",logistic,adam,3000,0.4482758620689655,0.44825854700854695,0.004022169858740673
"(300, 150, 75)",logistic,sgd,200,0.4482758620689655,0.44825854700854695,0.004022169858740673
"(300, 150, 75)",logistic,sgd,2000,0.4482758620689655,0.44825854700854695,0.004022169858740673
"(300, 150, 75)",logistic,sgd,2500,0.4482758620689655,0.44825854700854695,0.004022169858740673
"(300, 150, 75)",logistic,sgd,3000,0.4482758620689655,0.44825854700854695,0.004022169858740673
"(300, 150, 75)",logistic,lbfgs,200,1.0,0.5592647789369101,0.09097340648626437
"(300, 150, 75)",logistic,lbfgs,2000,1.0,0.5592647789369101,0.09097340648626437
"(300, 150, 75)",logistic,lbfgs,2500,1.0,0.5592647789369101,0.09097340648626437
"(300, 150, 75)",logistic,lbfgs,3000,1.0,0.5592647789369101,0.09097340648626437
"(300, 150, 75)",identity,adam,200,0.4430379746835443,0.46786382861681564,0.05674213491173714
"(300, 150, 75)",identity,adam,2000,0.4430379746835443,0.46786382861681564,0.05674213491173714
"(300, 150, 75)",identity,adam,2500,0.4430379746835443,0.46786382861681564,0.05674213491173714
"(300, 150, 75)",identity,adam,3000,0.4430379746835443,0.46786382861681564,0.05674213491173714
"(300, 150, 75)",identity,sgd,200,0.468990948709353,0.43971178184492354,0.021296561551278567
"(300, 150, 75)",identity,sgd,2000,0.468990948709353,0.43971178184492354,0.021296561551278567
"(300, 150, 75)",identity,sgd,2500,0.468990948709353,0.43971178184492354,0.021296561551278567
"(300, 150, 75)",identity,sgd,3000,0.468990948709353,0.43971178184492354,0.021296561551278567
"(300, 150, 75)",identity,lbfgs,200,1.0,0.6282251250339608,0.134412603798678
"(300, 150, 75)",identity,lbfgs,2000,1.0,0.6282251250339608,0.134412603798678
"(300, 150, 75)",identity,lbfgs,2500,1.0,0.6282251250339608,0.134412603798678
"(300, 150, 75)",identity,lbfgs,3000,1.0,0.6282251250339608,0.134412603798678
"(400, 200, 100)",relu,adam,200,0.4482758620689655,0.44825854700854695,0.004022169858740673
"(400, 200, 100)",relu,adam,2000,0.4482758620689655,0.44825854700854695,0.004022169858740673
"(400, 200, 100)",relu,adam,2500,0.4482758620689655,0.44825854700854695,0.004022169858740673
"(400, 200, 100)",relu,adam,3000,0.4482758620689655,0.44825854700854695,0.004022169858740673
"(400, 200, 100)",relu,sgd,200,0.444794952681388,0.44473566308243734,0.007467224835291363
"(400, 200, 100)",relu,sgd,2000,0.444794952681388,0.44473566308243734,0.007467224835291363
"(400, 200, 100)",relu,sgd,2500,0.444794952681388,0.44473566308243734,0.007467224835291363
"(400, 200, 100)",relu,sgd,3000,0.444794952681388,0.44473566308243734,0.007467224835291363
"(400, 200, 100)",relu,lbfgs,200,1.0,0.6338108669756349,0.14133684852200223
"(400, 200, 100)",relu,lbfgs,2000,1.0,0.6338108669756349,0.14133684852200223
"(400, 200, 100)",relu,lbfgs,2500,1.0,0.6338108669756349,0.14133684852200223
"(400, 200, 100)",relu,lbfgs,3000,1.0,0.6338108669756349,0.14133684852200223
"(400, 200, 100)",tanh,adam,200,0.9627039627039627,0.46475666901698104,0.046176791920437006
"(400, 200, 100)",tanh,adam,2000,0.9627039627039627,0.46475666901698104,0.046176791920437006
"(400, 200, 100)",tanh,adam,2500,0.9627039627039627,0.46475666901698104,0.046176791920437006
"(400, 200, 100)",tanh,adam,3000,0.9627039627039627,0.46475666901698104,0.046176791920437006
"(400, 200, 100)",tanh,sgd,200,0.4739803094233474,0.49413203060380473,0.04158446781885832
"(400, 200, 100)",tanh,sgd,2000,0.4739803094233474,0.49413203060380473,0.04158446781885832
"(400, 200, 100)",tanh,sgd,2500,0.4739803094233474,0.49413203060380473,0.04158446781885832
"(400, 200, 100)",tanh,sgd,3000,0.4739803094233474,0.49413203060380473,0.04158446781885832
"(400, 200, 100)",tanh,lbfgs,200,1.0,0.6065225420328539,0.11547727570551257
"(400, 200, 100)",tanh,lbfgs,2000,1.0,0.6065225420328539,0.11547727570551257
"(400, 200, 100)",tanh,lbfgs,2500,1.0,0.6065225420328539,0.11547727570551257
"(400, 200, 100)",tanh,lbfgs,3000,1.0,0.6065225420328539,0.11547727570551257
"(400, 200, 100)",logistic,adam,200,0.4482758620689655,0.44825854700854695,0.004022169858740673
"(400, 200, 100)",logistic,adam,2000,0.4482758620689655,0.44825854700854695,0.004022169858740673
"(400, 200, 100)",logistic,adam,2500,0.4482758620689655,0.44825854700854695,0.004022169858740673
"(400, 200, 100)",logistic,adam,3000,0.4482758620689655,0.44825854700854695,0.004022169858740673
"(400, 200, 100)",logistic,sgd,200,0.4482758620689655,0.44825854700854695,0.004022169858740673
"(400, 200, 100)",logistic,sgd,2000,0.4482758620689655,0.44825854700854695,0.004022169858740673
"(400, 200, 100)",logistic,sgd,2500,0.4482758620689655,0.44825854700854695,0.004022169858740673
"(400, 200, 100)",logistic,sgd,3000,0.4482758620689655,0.44825854700854695,0.004022169858740673
"(400, 200, 100)",logistic,lbfgs,200,1.0,0.5620234527796664,0.09246287888836512
"(400, 200, 100)",logistic,lbfgs,2000,1.0,0.5620234527796664,0.09246287888836512
"(400, 200, 100)",logistic,lbfgs,2500,1.0,0.5620234527796664,0.09246287888836512
"(400, 200, 100)",logistic,lbfgs,3000,1.0,0.5620234527796664,0.09246287888836512
"(400, 200, 100)",identity,adam,200,0.4482758620689655,0.4675403225806452,0.055967647520139774
"(400, 200, 100)",identity,adam,2000,0.4482758620689655,0.4675403225806452,0.055967647520139774
"(400, 200, 100)",identity,adam,2500,0.4482758620689655,0.4675403225806452,0.055967647520139774
"(400, 200, 100)",identity,adam,3000,0.4482758620689655,0.4675403225806452,0.055967647520139774
"(400, 200, 100)",identity,sgd,200,0.47909729929707734,0.4779719509736583,0.07397169473222252
"(400, 200, 100)",identity,sgd,2000,0.47909729929707734,0.4779719509736583,0.07397169473222252
"(400, 200, 100)",identity,sgd,2500,0.47909729929707734,0.4779719509736583,0.07397169473222252
"(400, 200, 100)",identity,sgd,3000,0.47909729929707734,0.4779719509736583,0.07397169473222252
"(400, 200, 100)",identity,lbfgs,200,1.0,0.5944066553680335,0.13630271233740696
"(400, 200, 100)",identity,lbfgs,2000,1.0,0.5944066553680335,0.13630271233740696
"(400, 200, 100)",identity,lbfgs,2500,1.0,0.5944066553680335,0.13630271233740696
"(400, 200, 100)",identity,lbfgs,3000,1.0,0.5944066553680335,0.13630271233740696
"(200, 100, 50, 25)",relu,adam,200,0.4482758620689655,0.4427029914529914,0.013491240042150904
"(200, 100, 50, 25)",relu,adam,2000,0.4482758620689655,0.4427029914529914,0.013491240042150904
"(200, 100, 50, 25)",relu,adam,2500,0.4482758620689655,0.4427029914529914,0.013491240042150904
"(200, 100, 50, 25)",relu,adam,3000,0.4482758620689655,0.4427029914529914,0.013491240042150904
"(200, 100, 50, 25)",relu,sgd,200,0.44654088050314467,0.44369091717426024,0.03998130179030077
"(200, 100, 50, 25)",relu,sgd,2000,0.44654088050314467,0.44369091717426024,0.03998130179030077
"(200, 100, 50, 25)",relu,sgd,2500,0.44654088050314467,0.44369091717426024,0.03998130179030077
"(200, 100, 50, 25)",relu,sgd,3000,0.44654088050314467,0.44369091717426024,0.03998130179030077
"(200, 100, 50, 25)",relu,lbfgs,200,1.0,0.5747318209880439,0.0807551155031436
"(200, 100, 50, 25)",relu,lbfgs,2000,1.0,0.5747318209880439,0.0807551155031436
"(200, 100, 50, 25)",relu,lbfgs,2500,1.0,0.5747318209880439,0.0807551155031436
"(200, 100, 50, 25)",relu,lbfgs,3000,1.0,0.5747318209880439,0.0807551155031436
"(200, 100, 50, 25)",tanh,adam,200,0.960845383759733,0.4730094726062468,0.06518278347347853
"(200, 100, 50, 25)",tanh,adam,2000,0.960845383759733,0.4730094726062468,0.06518278347347853
"(200, 100, 50, 25)",tanh,adam,2500,0.960845383759733,0.4730094726062468,0.06518278347347853
"(200, 100, 50, 25)",tanh,adam,3000,0.960845383759733,0.4730094726062468,0.06518278347347853
"(200, 100, 50, 25)",tanh,sgd,200,0.5403993855606759,0.5369138903578354,0.09258480065208652
"(200, 100, 50, 25)",tanh,sgd,2000,0.5403993855606759,0.5369138903578354,0.09258480065208652
"(200, 100, 50, 25)",tanh,sgd,2500,0.5403993855606759,0.5369138903578354,0.09258480065208652
"(200, 100, 50, 25)",tanh,sgd,3000,0.5403993855606759,0.5369138903578354,0.09258480065208652
"(200, 100, 50, 25)",tanh,lbfgs,200,1.0,0.6098397690555644,0.1279357734586672
"(200, 100, 50, 25)",tanh,lbfgs,2000,1.0,0.6098397690555644,0.1279357734586672
"(200, 100, 50, 25)",tanh,lbfgs,2500,1.0,0.6098397690555644,0.1279357734586672
"(200, 100, 50, 25)",tanh,lbfgs,3000,1.0,0.6098397690555644,0.1279357734586672
"(200, 100, 50, 25)",logistic,adam,200,0.4482758620689655,0.44825854700854695,0.004022169858740673
"(200, 100, 50, 25)",logistic,adam,2000,0.4482758620689655,0.44825854700854695,0.004022169858740673
"(200, 100, 50, 25)",logistic,adam,2500,0.4482758620689655,0.44825854700854695,0.004022169858740673
"(200, 100, 50, 25)",logistic,adam,3000,0.4482758620689655,0.44825854700854695,0.004022169858740673
"(200, 100, 50, 25)",logistic,sgd,200,0.4482758620689655,0.44825854700854695,0.004022169858740673
"(200, 100, 50, 25)",logistic,sgd,2000,0.4482758620689655,0.44825854700854695,0.004022169858740673
"(200, 100, 50, 25)",logistic,sgd,2500,0.4482758620689655,0.44825854700854695,0.004022169858740673
"(200, 100, 50, 25)",logistic,sgd,3000,0.4482758620689655,0.44825854700854695,0.004022169858740673
"(200, 100, 50, 25)",logistic,lbfgs,200,1.0,0.5938498789346246,0.11158630073830643
"(200, 100, 50, 25)",logistic,lbfgs,2000,1.0,0.5938498789346246,0.11158630073830643
"(200, 100, 50, 25)",logistic,lbfgs,2500,1.0,0.5938498789346246,0.11158630073830643
"(200, 100, 50, 25)",logistic,lbfgs,3000,1.0,0.5938498789346246,0.11158630073830643
"(200, 100, 50, 25)",identity,adam,200,0.5242074219710002,0.48592602385569067,0.06560319356197629
"(200, 100, 50, 25)",identity,adam,2000,0.5242074219710002,0.48592602385569067,0.06560319356197629
"(200, 100, 50, 25)",identity,adam,2500,0.5242074219710002,0.48592602385569067,0.06560319356197629
"(200, 100, 50, 25)",identity,adam,3000,0.5242074219710002,0.48592602385569067,0.06560319356197629
"(200, 100, 50, 25)",identity,sgd,200,0.5584415584415584,0.49568717315941,0.05292704083356989
"(200, 100, 50, 25)",identity,sgd,2000,0.5584415584415584,0.49568717315941,0.05292704083356989
"(200, 100, 50, 25)",identity,sgd,2500,0.5584415584415584,0.49568717315941,0.05292704083356989
"(200, 100, 50, 25)",identity,sgd,3000,0.5584415584415584,0.49568717315941,0.05292704083356989
"(200, 100, 50, 25)",identity,lbfgs,200,1.0,0.6095330343653803,0.14568717498678932
"(200, 100, 50, 25)",identity,lbfgs,2000,1.0,0.6095330343653803,0.14568717498678932
"(200, 100, 50, 25)",identity,lbfgs,2500,1.0,0.6095330343653803,0.14568717498678932
"(200, 100, 50, 25)",identity,lbfgs,3000,1.0,0.6095330343653803,0.14568717498678932
"(300, 150, 75, 35)",relu,adam,200,0.5082469580892294,0.49561738125262716,0.09287815497714778
"(300, 150, 75, 35)",relu,adam,2000,0.5082469580892294,0.49561738125262716,0.09287815497714778
"(300, 150, 75, 35)",relu,adam,2500,0.5082469580892294,0.49561738125262716,0.09287815497714778
"(300, 150, 75, 35)",relu,adam,3000,0.5082469580892294,0.49561738125262716,0.09287815497714778
"(300, 150, 75, 35)",relu,sgd,200,0.47909729929707734,0.4782684676434676,0.06253513358523875
"(300, 150, 75, 35)",relu,sgd,2000,0.47909729929707734,0.4782684676434676,0.06253513358523875
"(300, 150, 75, 35)",relu,sgd,2500,0.47909729929707734,0.4782684676434676,0.06253513358523875
"(300, 150, 75, 35)",relu,sgd,3000,0.47909729929707734,0.4782684676434676,0.06253513358523875
"(300, 150, 75, 35)",relu,lbfgs,200,1.0,0.5915224888106244,0.14095498572473367
"(300, 150, 75, 35)",relu,lbfgs,2000,1.0,0.5915224888106244,0.14095498572473367
"(300, 150, 75, 35)",relu,lbfgs,2500,1.0,0.5915224888106244,0.14095498572473367
"(300, 150, 75, 35)",relu,lbfgs,3000,1.0,0.5915224888106244,0.14095498572473367
"(300, 150, 75, 35)",tanh,adam,200,0.9627039627039627,0.5804247760320628,0.13160736686333294
"(300, 150, 75, 35)",tanh,adam,2000,0.9627039627039627,0.5804247760320628,0.13160736686333294
"(300, 150, 75, 35)",tanh,adam,2500,0.9627039627039627,0.5804247760320628,0.13160736686333294
"(300, 150, 75, 35)",tanh,adam,3000,0.9627039627039627,0.5804247760320628,0.13160736686333294
"(300, 150, 75, 35)",tanh,sgd,200,0.4739803094233474,0.4683803593947037,0.042796856115227044
"(300, 150, 75, 35)",tanh,sgd,2000,0.4739803094233474,0.4683803593947037,0.042796856115227044
"(300, 150, 75, 35)",tanh,sgd,2500,0.4739803094233474,0.4683803593947037,0.042796856115227044
"(300, 150, 75, 35)",tanh,sgd,3000,0.4739803094233474,0.4683803593947037,0.042796856115227044
"(300, 150, 75, 35)",tanh,lbfgs,200,1.0,0.6450268388065531,0.14881030183535543
"(300, 150, 75, 35)",tanh,lbfgs,2000,1.0,0.6450268388065531,0.14881030183535543
"(300, 150, 75, 35)",tanh,lbfgs,2500,1.0,0.6450268388065531,0.14881030183535543
"(300, 150, 75, 35)",tanh,lbfgs,3000,1.0,0.6450268388065531,0.14881030183535543
"(300, 150, 75, 35)",logistic,adam,200,0.4482758620689655,0.44825854700854695,0.004022169858740673
"(300, 150, 75, 35)",logistic,adam,2000,0.4482758620689655,0.44825854700854695,0.004022169858740673
"(300, 150, 75, 35)",logistic,adam,2500,0.4482758620689655,0.44825854700854695,0.004022169858740673
"(300, 150, 75, 35)",logistic,adam,3000,0.4482758620689655,0.44825854700854695,0.004022169858740673
"(300, 150, 75, 35)",logistic,sgd,200,0.4482758620689655,0.44825854700854695,0.004022169858740673
"(300, 150, 75, 35)",logistic,sgd,2000,0.4482758620689655,0.44825854700854695,0.004022169858740673
"(300, 150, 75, 35)",logistic,sgd,2500,0.4482758620689655,0.44825854700854695,0.004022169858740673
"(300, 150, 75, 35)",logistic,sgd,3000,0.4482758620689655,0.44825854700854695,0.004022169858740673
"(300, 150, 75, 35)",logistic,lbfgs,200,1.0,0.6316543208063841,0.0954705542155046
"(300, 150, 75, 35)",logistic,lbfgs,2000,1.0,0.6316543208063841,0.0954705542155046
"(300, 150, 75, 35)",logistic,lbfgs,2500,1.0,0.6316543208063841,0.0954705542155046
"(300, 150, 75, 35)",logistic,lbfgs,3000,1.0,0.6316543208063841,0.0954705542155046
"(300, 150, 75, 35)",identity,adam,200,0.7363038238551235,0.4814701795152178,0.06333628350467296
"(300, 150, 75, 35)",identity,adam,2000,0.7363038238551235,0.4814701795152178,0.06333628350467296
"(300, 150, 75, 35)",identity,adam,2500,0.7363038238551235,0.4814701795152178,0.06333628350467296
"(300, 150, 75, 35)",identity,adam,3000,0.7363038238551235,0.4814701795152178,0.06333628350467296
"(300, 150, 75, 35)",identity,sgd,200,0.5445063132303348,0.4836163091102195,0.04014994643422372
"(300, 150, 75, 35)",identity,sgd,2000,0.5445063132303348,0.4836163091102195,0.04014994643422372
"(300, 150, 75, 35)",identity,sgd,2500,0.5445063132303348,0.4836163091102195,0.04014994643422372
"(300, 150, 75, 35)",identity,sgd,3000,0.5445063132303348,0.4836163091102195,0.04014994643422372
"(300, 150, 75, 35)",identity,lbfgs,200,1.0,0.5936549842212536,0.14848662946030058
"(300, 150, 75, 35)",identity,lbfgs,2000,1.0,0.5936549842212536,0.14848662946030058
"(300, 150, 75, 35)",identity,lbfgs,2500,1.0,0.5936549842212536,0.14848662946030058
"(300, 150, 75, 35)",identity,lbfgs,3000,1.0,0.5936549842212536,0.14848662946030058
"(400, 200, 100, 50)",relu,adam,200,0.5031487513572205,0.48548131080389145,0.0586541843254704
"(400, 200, 100, 50)",relu,adam,2000,0.5031487513572205,0.48548131080389145,0.0586541843254704
"(400, 200, 100, 50)",relu,adam,2500,0.5031487513572205,0.48548131080389145,0.0586541843254704
"(400, 200, 100, 50)",relu,adam,3000,0.5031487513572205,0.48548131080389145,0.0586541843254704
"(400, 200, 100, 50)",relu,sgd,200,0.5899122807017544,0.5171968169813226,0.06411484411545307
"(400, 200, 100, 50)",relu,sgd,2000,0.5899122807017544,0.5171968169813226,0.06411484411545307
"(400, 200, 100, 50)",relu,sgd,2500,0.5899122807017544,0.5171968169813226,0.06411484411545307
"(400, 200, 100, 50)",relu,sgd,3000,0.5899122807017544,0.5171968169813226,0.06411484411545307
"(400, 200, 100, 50)",relu,lbfgs,200,1.0,0.6192356669493687,0.12519805291338099
"(400, 200, 100, 50)",relu,lbfgs,2000,1.0,0.6192356669493687,0.12519805291338099
"(400, 200, 100, 50)",relu,lbfgs,2500,1.0,0.6192356669493687,0.12519805291338099
"(400, 200, 100, 50)",relu,lbfgs,3000,1.0,0.6192356669493687,0.12519805291338099
"(400, 200, 100, 50)",tanh,adam,200,0.5049226441631505,0.5530079718205414,0.10662641092209922
"(400, 200, 100, 50)",tanh,adam,2000,0.5049226441631505,0.5530079718205414,0.10662641092209922
"(400, 200, 100, 50)",tanh,adam,2500,0.5049226441631505,0.5530079718205414,0.10662641092209922
"(400, 200, 100, 50)",tanh,adam,3000,0.5049226441631505,0.5530079718205414,0.10662641092209922
"(400, 200, 100, 50)",tanh,sgd,200,0.5487179487179488,0.5778836852120033,0.10653336685517888
"(400, 200, 100, 50)",tanh,sgd,2000,0.5487179487179488,0.5778836852120033,0.10653336685517888
"(400, 200, 100, 50)",tanh,sgd,2500,0.5487179487179488,0.5778836852120033,0.10653336685517888
"(400, 200, 100, 50)",tanh,sgd,3000,0.5487179487179488,0.5778836852120033,0.10653336685517888
"(400, 200, 100, 50)",tanh,lbfgs,200,1.0,0.6384356665531992,0.0973299908656285
"(400, 200, 100, 50)",tanh,lbfgs,2000,1.0,0.6384356665531992,0.0973299908656285
"(400, 200, 100, 50)",tanh,lbfgs,2500,1.0,0.6384356665531992,0.0973299908656285
"(400, 200, 100, 50)",tanh,lbfgs,3000,1.0,0.6384356665531992,0.0973299908656285
"(400, 200, 100, 50)",logistic,adam,200,0.4482758620689655,0.44825854700854695,0.004022169858740673
"(400, 200, 100, 50)",logistic,adam,2000,0.4482758620689655,0.44825854700854695,0.004022169858740673
"(400, 200, 100, 50)",logistic,adam,2500,0.4482758620689655,0.44825854700854695,0.004022169858740673
"(400, 200, 100, 50)",logistic,adam,3000,0.4482758620689655,0.44825854700854695,0.004022169858740673
"(400, 200, 100, 50)",logistic,sgd,200,0.4482758620689655,0.44825854700854695,0.004022169858740673
"(400, 200, 100, 50)",logistic,sgd,2000,0.4482758620689655,0.44825854700854695,0.004022169858740673
"(400, 200, 100, 50)",logistic,sgd,2500,0.4482758620689655,0.44825854700854695,0.004022169858740673
"(400, 200, 100, 50)",logistic,sgd,3000,0.4482758620689655,0.44825854700854695,0.004022169858740673
"(400, 200, 100, 50)",logistic,lbfgs,200,1.0,0.6259321379021295,0.06634479134522508
"(400, 200, 100, 50)",logistic,lbfgs,2000,1.0,0.6259321379021295,0.06634479134522508
"(400, 200, 100, 50)",logistic,lbfgs,2500,1.0,0.6259321379021295,0.06634479134522508
"(400, 200, 100, 50)",logistic,lbfgs,3000,1.0,0.6259321379021295,0.06634479134522508
"(400, 200, 100, 50)",identity,adam,200,0.5584415584415584,0.5114129796110229,0.06174388415243752
"(400, 200, 100, 50)",identity,adam,2000,0.5584415584415584,0.5114129796110229,0.06174388415243752
"(400, 200, 100, 50)",identity,adam,2500,0.5584415584415584,0.5114129796110229,0.06174388415243752
"(400, 200, 100, 50)",identity,adam,3000,0.5584415584415584,0.5114129796110229,0.06174388415243752
"(400, 200, 100, 50)",identity,sgd,200,0.6140350877192983,0.5702181348596956,0.11098859606024382
"(400, 200, 100, 50)",identity,sgd,2000,0.6140350877192983,0.5702181348596956,0.11098859606024382
"(400, 200, 100, 50)",identity,sgd,2500,0.6140350877192983,0.5702181348596956,0.11098859606024382
"(400, 200, 100, 50)",identity,sgd,3000,0.6140350877192983,0.5702181348596956,0.11098859606024382
"(400, 200, 100, 50)",identity,lbfgs,200,1.0,0.5898029653132772,0.120200068378476
"(400, 200, 100, 50)",identity,lbfgs,2000,1.0,0.5898029653132772,0.120200068378476
"(400, 200, 100, 50)",identity,lbfgs,2500,1.0,0.5898029653132772,0.120200068378476
"(400, 200, 100, 50)",identity,lbfgs,3000,1.0,0.5898029653132772,0.120200068378476
"(500, 250, 125, 60)",relu,adam,200,0.4482758620689655,0.47011647050581473,0.04195850813254004
"(500, 250, 125, 60)",relu,adam,2000,0.4482758620689655,0.47011647050581473,0.04195850813254004
"(500, 250, 125, 60)",relu,adam,2500,0.4482758620689655,0.47011647050581473,0.04195850813254004
"(500, 250, 125, 60)",relu,adam,3000,0.4482758620689655,0.47011647050581473,0.04195850813254004
"(500, 250, 125, 60)",relu,sgd,200,0.4482758620689655,0.5172621851642485,0.10074367350851514
"(500, 250, 125, 60)",relu,sgd,2000,0.4482758620689655,0.5172621851642485,0.10074367350851514
"(500, 250, 125, 60)",relu,sgd,2500,0.4482758620689655,0.5172621851642485,0.10074367350851514
"(500, 250, 125, 60)",relu,sgd,3000,0.4482758620689655,0.5172621851642485,0.10074367350851514
"(500, 250, 125, 60)",relu,lbfgs,200,1.0,0.6348193421092935,0.11323161212004862
"(500, 250, 125, 60)",relu,lbfgs,2000,1.0,0.6348193421092935,0.11323161212004862
"(500, 250, 125, 60)",relu,lbfgs,2500,1.0,0.6348193421092935,0.11323161212004862
"(500, 250, 125, 60)",relu,lbfgs,3000,1.0,0.6348193421092935,0.11323161212004862
"(500, 250, 125, 60)",tanh,adam,200,0.8687546607009694,0.5167002688172044,0.11621699068991692
"(500, 250, 125, 60)",tanh,adam,2000,0.8687546607009694,0.5167002688172044,0.11621699068991692
"(500, 250, 125, 60)",tanh,adam,2500,0.8687546607009694,0.5167002688172044,0.11621699068991692
"(500, 250, 125, 60)",tanh,adam,3000,0.8687546607009694,0.5167002688172044,0.11621699068991692
"(500, 250, 125, 60)",tanh,sgd,200,0.5944700460829493,0.5238819289649662,0.06521474269550213
"(500, 250, 125, 60)",tanh,sgd,2000,0.5944700460829493,0.5238819289649662,0.06521474269550213
"(500, 250, 125, 60)",tanh,sgd,2500,0.5944700460829493,0.5238819289649662,0.06521474269550213
"(500, 250, 125, 60)",tanh,sgd,3000,0.5944700460829493,0.5238819289649662,0.06521474269550213
"(500, 250, 125, 60)",tanh,lbfgs,200,1.0,0.6135261401557285,0.12336795308966192
"(500, 250, 125, 60)",tanh,lbfgs,2000,1.0,0.6135261401557285,0.12336795308966192
"(500, 250, 125, 60)",tanh,lbfgs,2500,1.0,0.6135261401557285,0.12336795308966192
"(500, 250, 125, 60)",tanh,lbfgs,3000,1.0,0.6135261401557285,0.12336795308966192
"(500, 250, 125, 60)",logistic,adam,200,0.4482758620689655,0.44825854700854695,0.004022169858740673
"(500, 250, 125, 60)",logistic,adam,2000,0.4482758620689655,0.44825854700854695,0.004022169858740673
"(500, 250, 125, 60)",logistic,adam,2500,0.4482758620689655,0.44825854700854695,0.004022169858740673
"(500, 250, 125, 60)",logistic,adam,3000,0.4482758620689655,0.44825854700854695,0.004022169858740673
"(500, 250, 125, 60)",logistic,sgd,200,0.4482758620689655,0.44825854700854695,0.004022169858740673
"(500, 250, 125, 60)",logistic,sgd,2000,0.4482758620689655,0.44825854700854695,0.004022169858740673
"(500, 250, 125, 60)",logistic,sgd,2500,0.4482758620689655,0.44825854700854695,0.004022169858740673
"(500, 250, 125, 60)",logistic,sgd,3000,0.4482758620689655,0.44825854700854695,0.004022169858740673
"(500, 250, 125, 60)",logistic,lbfgs,200,1.0,0.6005691480411065,0.1100108356914779
"(500, 250, 125, 60)",logistic,lbfgs,2000,1.0,0.6005691480411065,0.1100108356914779
"(500, 250, 125, 60)",logistic,lbfgs,2500,1.0,0.6005691480411065,0.1100108356914779
"(500, 250, 125, 60)",logistic,lbfgs,3000,1.0,0.6005691480411065,0.1100108356914779
"(500, 250, 125, 60)",identity,adam,200,0.4482758620689655,0.5101792219620089,0.09769679348858008
"(500, 250, 125, 60)",identity,adam,2000,0.4482758620689655,0.5101792219620089,0.09769679348858008
"(500, 250, 125, 60)",identity,adam,2500,0.4482758620689655,0.5101792219620089,0.09769679348858008
"(500, 250, 125, 60)",identity,adam,3000,0.4482758620689655,0.5101792219620089,0.09769679348858008
"(500, 250, 125, 60)",identity,sgd,200,0.6363636363636364,0.567741935483871,0.07135342412411035
"(500, 250, 125, 60)",identity,sgd,2000,0.6363636363636364,0.567741935483871,0.07135342412411035
"(500, 250, 125, 60)",identity,sgd,2500,0.6363636363636364,0.567741935483871,0.07135342412411035
"(500, 250, 125, 60)",identity,sgd,3000,0.6363636363636364,0.567741935483871,0.07135342412411035
"(500, 250, 125, 60)",identity,lbfgs,200,1.0,0.5790819656328716,0.08935982825044818
"(500, 250, 125, 60)",identity,lbfgs,2000,1.0,0.5790819656328716,0.08935982825044818
"(500, 250, 125, 60)",identity,lbfgs,2500,1.0,0.5790819656328716,0.08935982825044818
"(500, 250, 125, 60)",identity,lbfgs,3000,1.0,0.5790819656328716,0.08935982825044818
